鄉鎮市區,交易標的,土地區段位置建物區段門牌,土地面積平方公尺,都市土地使用分區,非都市土地使用分區,非都市土地使用編定,租賃年月日,租賃筆棟數,租賃層次,總樓層數,建物型態,主要用途,主要建材,建築完成年月,建物總面積平方公尺,建物現況格局-房,建物現況格局-廳,建物現況格局-衛,建物現況格局-隔間,有無管理組織,有無附傢俱,總額元,單價元平方公尺,車位類別,車位面積平方公尺,車位總額元,備註,編號
The villages and towns urban district,transaction sign,land sector position building sector house number plate,land shifting total area square meter,the use zoning or compiles and checks,the non-metropolis land use district,non-metropolis land use,transaction year month and day,transaction pen number,shifting level,total floor number,building state,main use,main building materials,construction to complete the years,building shifting total area,Building present situation pattern - room,building present situation pattern - hall,building present situation pattern - health,building present situation pattern - compartmented,Whether there is manages the organization,Whether there is attaches the furniture,total price Yuan,the unit price a Yuan square meter,the berth category,berth shifting total area square meter,the berth total price Yuan,the note,serial number
中山區,建物,臺北市中山區吉林路456巷1~30號,0.0,住,,,1070914,土地0建物1車位0,一層,7,辦公商業大樓,商業用,鋼筋混凝土造,0751103,50.21,0,0,0,無,有,無,36326,723,,0.0,0,,RPPNMLLJIINFFCA07CC
中山區,建物,臺北市中山區北安路811~840號,0.0,住,,,1070915,土地0建物1車位0,六層,14,套房(1房1廳1衛),住家用,鋼筋混凝土造,0991224,45.44,1,0,1,有,有,無,25000,550,,0.0,0,,RPSNMLLJIINFFCA37CC
內湖區,建物,臺北市內湖區文德路90巷1~30號,18.66,住,,,1071001,土地0建物1車位0,三層,5,公寓(5樓含以下無電梯),住家用,鋼筋混凝土造,0710610,74.6,2,1,1,有,無,有,21000,282,,0.0,0,,RPTNMLLJIINFFCA47CC
中山區,建物,臺北市中山區松江路271~300號,0.0,商,,,1070910,土地0建物1車位0,六層,11,住宅大樓(11層含以上有電梯),住家用,鋼筋混凝土造,0590131,160.87,4,2,2,有,無,有,46000,286,,0.0,0,,RPWNMLLJIINFFCA77CC
內湖區,建物,臺北市內湖區內湖路一段691~720號,0.0,商,,,1070929,土地0建物1車位2,四層,14,住宅大樓(11層含以上有電梯),住家用,鋼筋混凝土造,1001028,223.9,3,2,2,有,有,有,79464,355,坡道平面,0.0,0,,RPXNMLLJIINFFCA87CC
中山區,建物,臺北市中山區中山北路二段45巷1~30號,28.0,商,,,1070930,土地0建物1車位0,四層,7,華廈(10層含以下有電梯),商業用,鋼筋混凝土造,0661026,187.33,0,0,0,無,無,無,50000,267,,0.0,0,,RPQOMLLJIINFFCA27CC
中山區,建物,臺北市中山區新生北路二段68巷1~30號,0.0,商,,,1070923,土地0建物1車位0,九層,13,套房(1房1廳1衛),住家用,鋼筋混凝土造,0971229,66.31,1,1,1,有,有,有,30000,452,,0.0,0,,RPSOMLLJIINFFCA47CC
中山區,建物,臺北市中山區中山北路二段151~180號,0.0,商,,,1070928,土地0建物1車位0,三層,14,套房(1房1廳1衛),住家用,鋼骨鋼筋混凝土造,0951129,61.9,1,1,1,有,有,有,30000,485,,0.0,0,,RPTPMLLJIINFFCA67CC
內湖區,建物,臺北市內湖區港墘路1~30號,0.0,住,,,1070921,土地0建物1車位0,一層,5,店面(店鋪),住商用,鋼筋混凝土造,0721004,91.81,0,0,0,無,無,無,45000,490,,0.0,0,,RPTRMLLJIINFFCA87CC
內湖區,建物,臺北市內湖區瑞光路1~30號,0.0,工,,,1070907,土地0建物1車位0,二層,7,華廈(10層含以下有電梯),見其他登記事項,鋼筋混凝土造,1031211,93.0,0,1,1,有,有,有,30000,323,,0.0,0,,RPOSMLLJIINFFCA47CC
內湖區,建物,臺北市內湖區港華街61~90號,0.0,住,,,1070908,土地0建物1車位0,五層,5,公寓(5樓含以下無電梯),住家用,鋼筋混凝土造,0740726,76.0,2,2,1,有,無,有,20000,263,,0.0,0,,RPQSMLLJIINFFCA67CC
信義區,建物,臺北市信義區忠孝東路五段492巷1~30號,0.0,商,,,1070818,土地0建物1車位0,一層,17,店面(店鋪),商業用,鋼骨鋼筋混凝土造,0820514,57.47,0,0,0,無,有,無,37000,644,,0.0,0,此房屋租賃為1樓及平台,RPTNMLLJIINFFDA57CC
南港區,建物,臺北市南港區舊莊街一段3巷12弄1~30號,0.0,住,,,1070926,土地0建物1車位0,五層,7,華廈(10層含以下有電梯),住家用,鋼筋混凝土造,0830603,98.44,3,1,2,有,有,有,18000,183,,0.0,0,台北市社會住宅包租代管計畫專案,RPXNMLLJIINFFDA97CC
信義區,建物,臺北市信義區松仁路151~180號,0.0,其他,,,1070915,土地0建物1車位1,六層,12,住宅大樓(11層含以上有電梯),住家用,鋼骨鋼筋混凝土造,0960719,332.09000000000003,4,2,3,有,有,無,170000,512,坡道平面,0.0,0,租金含大樓管理費。,RPTOMLLJIINFFDA67CC
中正區,建物,臺北市中正區新生南路一段1~30號,0.0,其他,,,1070927,土地0建物1車位0,九層,14,住宅大樓(11層含以上有電梯),住家用,鋼筋混凝土造,0741210,134.20999999999998,4,2,2,有,有,有,42000,313,,0.0,0,,RPTOMLLJIINFFBA47CC
大同區,車位,臺北市大同區南京西路301~330號,0.0,商,,,1070911,土地0建物0車位14,,12,其他,見使用執照,鋼筋混凝土造,0691028,991.91,0,0,0,有,有,無,45000,,升降平面,0.0,45000,租賃範圍含其他公設，且無法區分公設面積。,RPVOMLLJIINFFBA67CC
大同區,建物,臺北市大同區承德路三段24巷1~30號,0.0,住,,,1070922,土地0建物1車位0,一層,5,公寓(5樓含以下無電梯),住家用,鋼筋混凝土造,0761102,118.18,0,0,0,無,無,無,38000,322,,0.0,0,,RPXOMLLJIINFFBA87CC
大同區,房地(土地+建物),臺北市大同區長安西路181~210號,0.0,其他,,,1070901,土地3建物1車位0,全,2,透天厝,住家用,磚造,,120.38,0,0,0,無,無,無,95000,789,,0.0,0,,RPOPMLLJIINFFBA07CC
大同區,建物,臺北市大同區南京西路18巷1~30號,0.0,商,,,1070921,土地0建物1車位0,三層,9,華廈(10層含以下有電梯),見其他登記事項,鋼筋混凝土造,1001129,72.8,1,1,1,有,有,有,42000,577,,0.0,0,,RPPPMLLJIINFFBA17CC
北投區,建物,臺北市北投區福美路151~180號,0.0,其他,,,1070918,土地0建物1車位1,五層,13,住宅大樓(11層含以上有電梯),見其他登記事項,鋼筋混凝土造,1061116,195.06,4,2,2,有,有,有,25000,128,坡道平面,43.04,0,,RPRNMLLJIINFFEA47CC
大安區,建物,臺北市大安區忠孝東路三段121~150號,0.0,商,,,1070926,土地0建物1車位0,六層,13,住宅大樓(11層含以上有電梯),住家用,鋼骨鋼筋混凝土造,0970317,151.87,0,0,0,無,無,無,65000,428,,0.0,0,,RPRNMLLJIINFFFA57CC
大安區,建物,臺北市大安區瑞安街61~90號,0.0,住,,,1070921,土地0建物1車位0,二層,13,住宅大樓(11層含以上有電梯),住家用,鋼骨鋼筋混凝土造,0980910,233.55,4,2,2,有,無,有,105000,450,,0.0,0,,RPSNMLLJIINFFFA67CC
文山區,建物,臺北市文山區興隆路三段304巷31~60號,0.0,住,,,1070904,土地0建物1車位2,二層,7,華廈(10層含以下有電梯),住家用,鋼筋混凝土造,1030314,132.97,2,2,1,有,有,有,26000,196,坡道機械,31.14,0,租金含管理費,RPPNMLLJIINFFAA86CC
信義區,建物,臺北市信義區永吉路151~180號,0.0,商,,,1070914,土地0建物1車位0,十層,14,辦公商業大樓,商業用,鋼骨鋼筋混凝土造,0801226,270.22,5,1,0,有,有,無,75000,278,,0.0,0,租金含營業稅。自107年9月15日至107年9月30日為免租裝潢期。,RPXPMLMJIINFFDA38DC
大安區,建物,臺北市大安區文昌街121~150號,0.0,商,,,1070907,土地0建物1車位0,一層,12,店面(店鋪),見使用執照,鋼筋混凝土造,,48.78,0,0,0,無,無,無,32000,656,,0.0,0,,RPRNMLMJIINFFFA77DC
大安區,建物,臺北市大安區和平東路三段61~90號,0.0,其他,,,1071001,土地0建物1車位0,十一層,12,住宅大樓(11層含以上有電梯),住家用,鋼筋混凝土造,0681020,120.41,3,2,2,有,有,有,42000,349,,0.0,0,,RPQNMLMJIINFFFA57CC
大安區,建物,臺北市大安區青田街12巷1~30號,0.0,住,,,1070920,土地0建物1車位1,一層,6,公寓(5樓含以下無電梯),住家用,鋼筋混凝土造,0951107,218.45999999999998,3,2,2,有,無,有,86000,394,坡道平面,0.0,0,,RPSNMLMJIINFFFA77CC
大安區,建物,臺北市大安區瑞安街208巷31~60號,0.0,住,,,1070925,土地0建物1車位0,七層,7,華廈(10層含以下有電梯),住家用,鋼筋混凝土造,1040511,64.72,2,0,1,有,無,有,42000,649,,0.0,0,,RPTNMLMJIINFFFA87CC
大安區,建物,臺北市大安區瑞安街208巷31~60號,0.0,住,,,1070928,土地0建物1車位0,四層,7,華廈(10層含以下有電梯),住家用,鋼筋混凝土造,1040511,44.22,0,0,0,無,無,有,30000,678,,0.0,0,,RPUNMLMJIINFFFA97CC
大安區,建物,臺北市大安區瑞安街208巷31~60號,0.0,住,,,1070921,土地0建物1車位0,六層,7,華廈(10層含以下有電梯),住家用,鋼筋混凝土造,1040511,64.72,2,1,1,有,無,有,45000,695,,0.0,0,,RPVNMLMJIINFFFA08CC
北投區,建物,臺北市北投區大度路三段301巷28弄31~60號,0.0,住,,,1070915,土地0建物1車位0,三層,10,華廈(10層含以下有電梯),住家用,鋼筋混凝土造,0880112,180.16,4,2,2,有,有,有,28000,155,,0.0,0,,RPQNMLMJIINFFEA47CC
士林區,建物,臺北市士林區福志路61~90號,0.0,住,,,1070921,土地0建物1車位0,七層,7,華廈(10層含以下有電梯),住家用,鋼筋混凝土造,0910109,130.94,3,2,1,有,有,有,34056,260,,0.0,0,,RPSNMLMJIINFFEA67CC
士林區,建物,臺北市士林區天玉街38巷1~30號,0.0,住,,,1071002,土地0建物1車位0,七層,7,華廈(10層含以下有電梯),住家用,鋼筋混凝土造,0740126,145.14000000000001,3,2,2,有,無,有,51000,351,,0.0,0,,RPTNMLMJIINFFEA77CC
士林區,建物,臺北市士林區中山北路七段14巷1~30號,0.0,商,,,1070920,土地0建物1車位0,八層,12,住宅大樓(11層含以上有電梯),住家用,鋼筋混凝土造,0690430,169.95999999999998,3,2,2,有,有,有,65000,382,,0.0,0,,RPUNMLMJIINFFEA87CC
士林區,建物,臺北市士林區天母西路1~30號,0.0,商,,,1070921,土地0建物1車位0,七層,7,華廈(10層含以下有電梯),住家用,鋼筋混凝土造,0691224,211.54,3,2,2,有,有,有,66000,312,坡道平面,0.0,0,,RPVNMLMJIINFFEA97CC
士林區,建物,臺北市士林區後港街121~150號,0.0,工,,,1070913,土地0建物1車位1,九層,14,其他,見其他登記事項,鋼筋混凝土造,0990128,252.77999999999997,4,2,2,有,有,有,68000,269,坡道平面,0.0,0,,RPPOMLMJIINFFEA47CC
士林區,建物,臺北市士林區中山北路七段14巷1~30號,0.0,住,,,1070925,土地0建物1車位0,一層,7,店面(店鋪),住家用,鋼筋混凝土造,0730125,208.66,4,2,2,有,無,無,113520,544,,0.0,0,,RPSOMLMJIINFFEA77CC
士林區,建物,臺北市士林區劍潭路61~90號,0.0,住,,,1070925,土地0建物1車位0,十四層,14,住宅大樓(11層含以上有電梯),住家用,鋼筋混凝土造,0960122,86.91,2,1,1,有,無,有,40000,460,,0.0,0,,RPVOMLMJIINFFEA08CC
萬華區,建物,臺北市萬華區長沙街二段61~90號,0.0,商,,,1070927,土地0建物1車位0,十二層,22,住宅大樓(11層含以上有電梯),住家用,鋼骨鋼筋混凝土造,0860726,70.91,2,2,1,有,無,有,18000,254,,0.0,0,,RPUVMLMJIINFFBA38CC
大同區,建物,臺北市大同區華陰街61~90號,0.0,商,,,1070921,土地0建物1車位0,五層,13,住宅大樓(11層含以上有電梯),住家用,鋼筋混凝土造,1020118,85.6,2,1,1,有,有,有,55000,643,,0.0,0,,RPXVMLMJIINFFBA68CC
萬華區,建物,臺北市萬華區東園街28巷31~60號,0.0,住,,,1070916,土地0建物1車位0,五層,6,套房(1房1廳1衛),住家用,鋼筋混凝土造,0810921,34.76,1,1,1,有,無,有,8500,245,,0.0,0,,RPOWMLMJIINFFBA87CC
萬華區,建物,臺北市萬華區康定路61~90號,0.0,商,,,1070920,土地0建物0車位0,六層,10,華廈(10層含以下有電梯),見使用執照,鋼筋混凝土造,0720322,32.67,1,1,1,有,有,有,12500,383,,0.0,0,部分承租，公設面積無法分算。租金含管理費,RPTWMLMJIINFFBA38CC
萬華區,建物,臺北市萬華區康定路61~90號,0.0,商,,,1070920,土地0建物0車位0,六層,10,華廈(10層含以下有電梯),見使用執照,鋼筋混凝土造,0720322,29.33,0,0,0,無,有,有,7500,256,,0.0,0,部分承租，公設面積無法分算。租金含管理費,RPUWMLMJIINFFBA48CC
信義區,建物,臺北市信義區松德路91~120號,0.0,住,,,1070914,土地0建物1車位1,見其他登記事項,24,住宅大樓(11層含以上有電梯),住家用,鋼筋混凝土造,,273.62,5,2,5,有,有,有,78000,285,坡道平面,0.0,0,19F+20F,RPPNMLMJIINFFDA27CC
信義區,建物,臺北市信義區松智路1~30號,0.0,住,,,1070926,土地0建物1車位3,十層,14,住宅大樓(11層含以上有電梯),住家用,鋼骨鋼筋混凝土造,0910903,516.25,4,2,3,有,有,有,240000,465,坡道平面,134.04,0,,RPSNMLMJIINFFDA57CC
信義區,建物,臺北市信義區松勤街1~30號,0.0,其他,,,1070911,土地0建物1車位0,十三層,19,住宅大樓(11層含以上有電梯),住家用,見其他登記事項,0961225,47.980000000000004,1,1,1,有,有,有,41000,855,,0.0,0,,RPPOMLMJIINFFDA37CC
松山區,建物,臺北市松山區南京東路四段53巷10弄1~30號,0.0,住,,,1070909,土地0建物1車位0,二層,4,公寓(5樓含以下無電梯),,加強磚造,,110.22,3,2,2,有,無,有,35000,318,,0.0,0,,RPQOMLMJIINFFDA47CC
松山區,建物,臺北市松山區復興南路一段61~90號,0.0,商,,,1070917,土地0建物1車位0,四層,12,辦公商業大樓,商業用,鋼筋混凝土造,0780724,109.50999999999999,2,2,1,有,有,無,39000,356,,0.0,0,,RPTOMLMJIINFFDA77CC
松山區,建物,臺北市松山區光復南路1~30號,0.0,住,,,1070918,土地0建物1車位0,八層,12,住宅大樓(11層含以上有電梯),住家用,鋼筋混凝土造,0750804,151.2,3,2,2,有,有,有,46500,308,,0.0,0,,RPUOMLMJIINFFDA87CC
松山區,建物,臺北市松山區八德路二段331~360號,0.0,商,,,1070906,土地0建物1車位0,十層,14,住宅大樓(11層含以上有電梯),住家用,鋼筋混凝土造,0980123,76.02,2,1,1,有,有,有,34550,454,,0.0,0,,RPOPMLMJIINFFDA37CC
南港區,建物,臺北市南港區三重路1~30號,0.0,其他,,,1070917,土地0建物2車位12,九層,13,廠辦,見其他登記事項,見其他登記事項,0880705,952.1800000000001,5,0,0,有,有,無,315000,331,其他,0.0,0,車位：3個坡道平面車位 + 9個機車位。租金含加值型營業稅。,RPQPMLMJIINFFDA57CC
信義區,建物,臺北市信義區永吉路31~60號,0.0,商,,,1070922,土地0建物1車位0,四層,12,住宅大樓(11層含以上有電梯),見其他登記事項,鋼筋混凝土造,0740126,61.37,2,1,1,有,無,有,26500,432,,0.0,0,,RPTPMLMJIINFFDA87CC
中山區,建物,臺北市中山區民生東路一段70巷1~30號,0.0,商,,,1070917,土地0建物1車位0,五層,7,套房(1房1廳1衛),住家用,鋼筋混凝土造,0960919,52.51,1,1,1,有,有,無,21000,400,,0.0,0,,RPPNMLMJIINFFCA17CC
中山區,建物,臺北市中山區松江路77巷1~30號,0.0,住,,,1070919,土地0建物1車位0,五層,11,套房(1房1廳1衛),商業用,鋼筋混凝土造,0931224,26.03,1,0,1,有,有,無,24000,922,,0.0,0,,RPQNMLMJIINFFCA27CC
中山區,建物,臺北市中山區民權東路二段135巷30弄1~30號,0.0,住,,,1070914,土地0建物0車位0,一層,7,店面(店鋪),商業用,鋼筋混凝土造,0720929,72.73,0,0,0,無,有,無,30000,412,,0.0,0,租賃範圍1樓右側 約22坪,RPSNMLMJIINFFCA47CC
內湖區,建物,臺北市內湖區內湖路一段737巷8弄1~30號,0.0,商,,,1070919,土地0建物0車位0,一層,5,店面(店鋪),商業用,鋼筋混凝土造,0690306,66.12,0,0,0,無,無,無,28000,423,,0.0,0,租賃範圍約20坪,RPTNMLMJIINFFCA57CC
中山區,建物,臺北市中山區松江路391~420號,0.0,住,,,1070922,土地0建物1車位1,五層,17,住宅大樓(11層含以上有電梯),住家用,鋼筋混凝土造,1040713,156.76,2,1,1,有,有,有,68000,434,坡道平面,29.77,0,,RPOOMLMJIINFFCA17CC
中山區,建物,臺北市中山區新生北路二段68巷1~30號,0.0,商,,,1070925,土地0建物1車位0,七層,13,住宅大樓(11層含以上有電梯),住家用,鋼筋混凝土造,0971229,73.84,1,1,1,有,有,有,36667,497,,0.0,0,,RPQOMLMJIINFFCA37CC
中山區,建物,臺北市中山區松江路91~120號,0.0,商,,,1070919,土地0建物1車位0,八層,12,住宅大樓(11層含以上有電梯),見其他登記事項,鋼筋混凝土造,0710703,64.66,2,1,1,有,有,有,40000,619,,0.0,0,,RPROMLMJIINFFCA47CC
中山區,建物,臺北市中山區堤頂大道二段481~510號,0.0,其他,,,1070928,土地0建物1車位0,五層,10,華廈(10層含以下有電梯),商業用,鋼筋混凝土造,0991201,102.07,2,2,1,有,有,有,53000,519,,0.0,0,,RPSOMLMJIINFFCA57CC
中山區,建物,臺北市中山區中山北路二段93巷1~30號,0.0,商,,,1070912,土地0建物1車位0,八層,12,住宅大樓(11層含以上有電梯),商業用,鋼筋混凝土造,0940803,59.11,1,1,2,有,有,有,44000,744,,0.0,0,,RPXOMLMJIINFFCA08CC
內湖區,建物,臺北市內湖區南京東路六段451巷31~60號,0.0,其他,,,1070909,土地0建物1車位0,五層,14,辦公商業大樓,商業用,鋼筋混凝土造,0971205,84.63,1,1,1,有,有,有,33000,390,,0.0,0,租金含管理費,RPOPMLMJIINFFCA27CC
中山區,建物,臺北市中山區錦州街1~30號,0.0,商,,,1070912,土地0建物1車位0,二層,11,店面(店鋪),商業用,鋼筋混凝土造,0711204,66.58,1,1,1,有,有,有,24000,360,,0.0,0,,RPQPMLMJIINFFCA47CC
中山區,建物,臺北市中山區新生北路一段61~90號,0.0,住,,,1070903,土地0建物1車位0,一層,7,店面(店鋪),商業用,鋼筋混凝土造,0661017,149.3,0,0,0,無,無,無,68000,455,,0.0,0,,RPWPMLMJIINFFCA08CC
內湖區,建物,臺北市內湖區民權東路六段123巷1~30號,0.0,商,,,1070904,土地0建物1車位0,五層,14,辦公商業大樓,商業用,鋼筋混凝土造,0890106,82.23,2,0,0,有,有,無,30000,365,,0.0,0,,RPQQMLMJIINFFCA57CC
內湖區,建物,臺北市內湖區民權東路六段180巷1~30號,0.0,商,,,1070930,土地0建物1車位0,八層,12,辦公商業大樓,商業用,鋼筋混凝土造,0881102,65.88,0,0,1,有,有,無,19980,303,,0.0,0,,RPSQMLMJIINFFCA77CC
中山區,建物,臺北市中山區民生西路31~60號,0.0,商,,,1070918,土地0建物1車位0,二層,5,公寓(5樓含以下無電梯),住家用,鋼筋混凝土造,0650319,90.93,2,2,1,有,無,有,27000,297,,0.0,0,,RPVQMLMJIINFFCA08CC
中山區,建物,臺北市中山區新生北路二段68巷1~30號,0.0,商,,,1070910,土地0建物1車位0,九層,13,住宅大樓(11層含以上有電梯),住家用,鋼筋混凝土造,0971229,66.31,2,2,1,有,有,有,40000,603,,0.0,0,,RPXQMLMJIINFFCA28CC
中山區,建物,臺北市中山區吉林路61~90號,0.0,商,,,1070906,土地0建物1車位0,七層,14,住宅大樓(11層含以上有電梯),住家用,鋼筋混凝土造,0961231,277.42,3,2,2,有,無,有,73000,263,,0.0,0,,RPQNMLNJIINFFCA37CC
中山區,建物,臺北市中山區吉林路61~90號,0.0,商,,,1070912,土地0建物1車位0,十一層,14,住宅大樓(11層含以上有電梯),住家用,鋼筋混凝土造,0961231,277.42,3,2,2,有,無,有,75000,270,,0.0,0,,RPRNMLNJIINFFCA47CC
中山區,房地(土地+建物),臺北市中山區松江路181~210號,1041.0,商,,,1070921,土地1建物1車位0,十一層,14,住宅大樓(11層含以上有電梯),商業用,鋼筋混凝土造,0671219,68.83,2,2,1,有,無,有,33000,479,,0.0,0,,RPQOMLNJIINFFCA47CC
中山區,房地(土地+建物),臺北市中山區明水路397巷18弄1~30號,52.63,住,,,1070907,土地1建物1車位0,五層,15,住宅大樓(11層含以上有電梯),住家用,鋼筋混凝土造,0960919,209.94,3,2,2,有,有,有,95000,453,,0.0,0,,RPROMLNJIINFFCA57CC
中山區,房地(土地+建物),臺北市中山區民族東路91~120號,35.0,住,,,1070918,土地1建物1車位0,二層,3,公寓(5樓含以下無電梯),,加強磚造,,88.31,0,0,0,無,無,有,23000,260,,0.0,0,,RPOPMLNJIINFFCA37CC
中山區,建物,臺北市中山區八德路二段61~90號,0.0,住,,,1070904,土地0建物1車位0,六層,7,華廈(10層含以下有電梯),住家用,鋼筋混凝土造,0750616,113.86,0,0,2,有,無,無,35000,307,,0.0,0,,RPPPMLNJIINFFCA47CC
中山區,建物,臺北市中山區民生東路二段1~30號,0.0,商,,,1070912,土地0建物1車位0,四層,14,住宅大樓(11層含以上有電梯),見其他登記事項,鋼筋混凝土造,1021112,198.9,3,2,2,有,無,有,106000,533,,0.0,0,,RPRPMLNJIINFFCA67CC
中山區,建物,臺北市中山區中山北路一段31~60號,0.0,商,,,1071001,土地0建物1車位1,六層,14,住宅大樓(11層含以上有電梯),商業用,鋼骨鋼筋混凝土造,0990903,262.99,3,2,3,有,有,無,100000,380,坡道平面,39.72,0,租金含管理費,RPSPMLNJIINFFCA77CC
中山區,建物,臺北市中山區民生東路二段1~30號,0.0,商,,,1070914,土地0建物1車位0,四層,14,住宅大樓(11層含以上有電梯),見其他登記事項,鋼筋混凝土造,1021112,150.69,3,2,2,有,無,有,80000,531,,0.0,0,,RPTPMLNJIINFFCA87CC
中山區,建物,臺北市中山區錦西街1~30號,0.0,商,,,1071003,土地0建物1車位0,地下一層,7,華廈(10層含以下有電梯),見使用執照,鋼筋混凝土造,0700731,156.0,0,0,0,無,無,無,50000,321,,0.0,0,,RPTQMLNJIINFFCA97CC
松山區,建物,臺北市松山區健康路391~420號,0.0,住,,,1070917,土地0建物1車位2,八層,15,住宅大樓(11層含以上有電梯),住家用,鋼筋混凝土造,1000706,352.75,4,2,3,有,無,有,120000,340,其他,0.0,0,,RPVNMLNJIINFFDA97CC
信義區,建物,臺北市信義區忠孝東路五段481~510號,0.0,住,,,1070913,土地0建物1車位0,見其他登記事項,28,店面(店鋪),商業用,鋼骨混凝土造,0820813,182.62,0,0,0,無,無,無,85000,465,,0.0,0,,RPWNMLNJIINFFDA08CC
松山區,建物,臺北市松山區東興路1~30號,0.0,住,,,1070921,土地0建物2車位0,一層,7,店面(店鋪),商業用,鋼筋混凝土造,0790817,236.8,0,0,0,無,無,無,90000,380,,0.0,0,,RPPOMLNJIINFFDA47CC
信義區,建物,臺北市信義區林口街52巷1~30號,0.0,住,,,1071001,土地0建物1車位0,一層,4,公寓(5樓含以下無電梯),住家用,加強磚造,0581215,67.65,3,2,1,有,無,無,18000,266,,0.0,0,,RPQOMLNJIINFFDA57CC
南港區,房地(土地+建物),臺北市南港區興華路114巷1~30號,35.75,住,,,1070930,土地2建物1車位0,一層,4,公寓(5樓含以下無電梯),住家用,鋼筋混凝土造,0650322,92.4,0,0,0,無,無,無,37500,406,,0.0,0,,RPSOMLNJIINFFDA77CC
信義區,建物,臺北市信義區福德街221巷1~30號,0.0,住,,,1071002,土地0建物1車位0,五層,5,公寓(5樓含以下無電梯),住家用,鋼筋混凝土造,,106.89,3,2,2,有,無,有,24500,229,,0.0,0,本次租賃範圍不包含權狀內附屬建物之"瞭望台"面積,RPUOMLNJIINFFDA97CC
信義區,建物,臺北市信義區光復南路421~450號,0.0,商,,,1071002,土地0建物1車位0,十一層,12,住宅大樓(11層含以上有電梯),住家用,鋼筋混凝土造,0701231,35.85,1,1,1,有,有,有,18500,516,,0.0,0,,RPRPMLNJIINFFDA77CC
中正區,建物,臺北市中正區忠孝東路二段39巷2弄1~30號,0.0,商,,,1070930,土地0建物1車位0,四層,4,公寓(5樓含以下無電梯),住家用,鋼筋混凝土造,0631219,141.62,3,2,1,有,無,有,40000,282,,0.0,0,,RPSNMLNJIINFFBA47CC
大同區,建物,臺北市大同區延平北路二段181~210號,0.0,其他,,,1070925,土地0建物1車位1,三層,18,辦公商業大樓,商業用,鋼筋混凝土造,0840213,499.46000000000004,0,0,0,無,有,無,140000,280,坡道平面,0.0,0,,RPOPMLNJIINFFBA27CC
萬華區,建物,臺北市萬華區環河南路二段211~240號,0.0,住,,,1070919,土地0建物1車位0,三層,7,華廈(10層含以下有電梯),住家用,鋼筋混凝土造,0720430,112.38,3,2,2,有,有,有,26000,231,,0.0,0,,RPRPMLNJIINFFBA57CC
士林區,建物,臺北市士林區中山北路六段754巷1~30號,0.0,住,,,1070919,土地0建物1車位0,四層,5,公寓(5樓含以下無電梯),住家用,鋼筋混凝土造,0690703,121.87,3,2,2,有,無,有,32000,263,,0.0,0,,RPQNMLNJIINFFEA57CC
士林區,建物,臺北市士林區中山北路七段14巷1~30號,0.0,商,,,1070912,土地0建物1車位0,二層,7,華廈(10層含以下有電梯),住家用,鋼筋混凝土造,0711116,145.07999999999998,3,2,2,有,有,有,43000,296,,0.0,0,,RPTOMLNJIINFFEA97CC
北投區,建物,臺北市北投區中央北路三段53巷1~30號,689.0,商,,,1070912,土地0建物1車位0,全,7,透天厝,見其他登記事項,鋼筋混凝土造,1000331,2908.9,58,3,60,有,無,有,800000,275,,0.0,0,,RPSPMLNJIINFFEA97CC
文山區,房地(土地+建物),臺北市文山區木柵路三段77巷1~30號,57.32,商,,,1071001,土地2建物1車位0,一層,9,店面(店鋪),商業用,鋼筋混凝土造,0790319,137.94,1,1,1,有,有,無,27000,196,,0.0,0,,RPSNMLNJIINFFAA37CC
中正區,建物,臺北市中正區羅斯福路二段61~90號,0.0,商,,,1070930,土地0建物1車位0,六層,12,住宅大樓(11層含以上有電梯),見使用執照,鋼筋混凝土造,0780701,155.59,3,1,1,有,無,無,52000,334,,0.0,0,,RPQOMLOJIINFFAA37CC
大安區,建物,臺北市大安區光復南路601~630號,0.0,商,,,1071003,土地0建物1車位1,三層,14,辦公商業大樓,見其他登記事項,鋼筋混凝土造,0970627,256.62,0,0,0,無,無,有,158000,616,坡道平面,0.0,0,,RPUNMLOJIINFFFA18CC
大安區,建物,臺北市大安區市民大道三段151~180號,0.0,住,,,1070928,土地0建物1車位2,四層,23,住宅大樓(11層含以上有電梯),住家用,見其他登記事項,1050111,374.34000000000003,3,2,3,有,有,有,183664,491,坡道平面,49.6,0,,RPVNMLOJIINFFFA28CC
大安區,建物,臺北市大安區信義路四段265巷1~30號,0.0,住,,,1071004,土地0建物2車位0,一層,7,店面(店鋪),住家用,鋼筋混凝土造,,182.32,0,0,0,無,有,無,130000,713,,0.0,0,防火巷有增建。租賃層次為一層與地下一層。,RPPOMLOJIINFFFA77CC
大安區,建物,臺北市大安區羅斯福路二段31~60號,0.0,商,,,1070926,土地0建物1車位0,十二層,12,住宅大樓(11層含以上有電梯),商業用,鋼筋混凝土造,,101.34,0,0,1,有,有,無,34000,336,,0.0,0,第二年起每月租金調整為35000元,RPQOMLOJIINFFFA87CC
大安區,建物,臺北市大安區和平東路一段1~30號,0.0,商,,,1071002,土地0建物1車位0,四層,12,住宅大樓(11層含以上有電梯),見使用執照,鋼筋混凝土造,0760303,97.6,3,2,1,有,有,無,34000,348,,0.0,0,,RPSOMLOJIINFFFA08CC
大同區,房地(土地+建物),臺北市大同區萬全街1~30號,1618.0,商,,,1070912,土地1建物1車位0,一層,15,店面(店鋪),見其他登記事項,鋼筋混凝土造,1041016,59.47,0,0,1,有,無,無,48000,807,,0.0,0,,RPTNMLOJIINFFBA67CC
大同區,房地(土地+建物)+車位,臺北市大同區長安西路91~120號,0.0,商,,,1071001,土地0建物1車位1,十一層,12,辦公商業大樓,商業用,鋼筋混凝土造,0880809,290.77,2,1,0,有,有,無,180000,619,坡道平面,34.25,0,,RPVNMLOJIINFFBA87CC
大同區,建物,臺北市大同區延平北路一段91~120號,0.0,商,,,1070918,土地0建物1車位0,五層,10,辦公商業大樓,商業用,鋼筋混凝土造,0810107,108.44,3,1,1,有,有,有,28545,263,,0.0,0,租金含稅,RPWOMLOJIINFFBA08CC
信義區,建物,臺北市信義區松仁路241~270號,0.0,住,,,1071003,土地0建物1車位0,四層,4,公寓(5樓含以下無電梯),住家用,加強磚造,0570810,95.02,3,2,1,有,無,無,23000,242,,0.0,0,,RPQNMLOJIINFFDA57CC
信義區,建物,臺北市信義區基隆路二段61~90號,0.0,商,,,1070928,土地0建物1車位0,六層,12,辦公商業大樓,見使用執照,鋼筋混凝土造,0721101,82.83,0,0,0,無,有,無,29000,350,,0.0,0,,RPRNMLOJIINFFDA67CC
信義區,建物,臺北市信義區基隆路一段421~450號,0.0,商,,,1071001,土地0建物1車位0,三層,15,辦公商業大樓,商業用,鋼筋混凝土造,,147.04999999999998,0,0,0,無,有,無,55000,374,,0.0,0,,RPTNMLOJIINFFDA87CC
信義區,建物,臺北市信義區松德路151~180號,0.0,住,,,1071001,土地0建物1車位0,二十一層,21,辦公商業大樓,見使用執照,鋼骨混凝土造,0841212,103.25999999999999,0,0,0,無,有,無,55000,533,,0.0,0,,RPWNMLOJIINFFDA18CC
松山區,建物,臺北市松山區八德路二段421~450號,0.0,商,,,1070904,土地0建物1車位0,九層,12,住宅大樓(11層含以上有電梯),住家用,鋼筋混凝土造,0700907,104.38000000000001,0,0,0,無,無,無,40000,383,,0.0,0,,RPXNMLOJIINFFDA28CC
松山區,建物,臺北市松山區南京東路三段331~360號,0.0,商,,,1071001,土地0建物1車位0,九層,12,辦公商業大樓,商業用,鋼筋混凝土造,0670120,107.78999999999999,0,0,0,無,有,無,47000,436,,0.0,0,,RPOOMLOJIINFFDA47CC
松山區,建物,臺北市松山區南京東路五段181~210號,0.0,住,,,1070915,土地0建物1車位0,九層,16,辦公商業大樓,商業用,鋼骨混凝土造,0830310,164.0,0,0,0,無,有,有,104200,635,,0.0,0,,RPVOMLOJIINFFDA18CC
松山區,建物,臺北市松山區八德路三段31~60號,0.0,商,,,1070910,土地0建物1車位0,五層,16,辦公商業大樓,商業用,鋼骨鋼筋混凝土造,0811121,465.31,4,2,0,有,有,有,250000,537,,0.0,0,,RPXOMLOJIINFFDA38CC
中山區,建物,臺北市中山區龍江路384巷1~30號,27.26,住,,,1070926,土地0建物1車位0,二層,5,公寓(5樓含以下無電梯),住家用,鋼筋混凝土造,0710918,104.97,3,2,2,有,無,有,26000,248,,0.0,0,,RPTNMLOJIINFFCA77CC
中山區,建物,臺北市中山區松江路271~300號,0.0,商,,,1070910,土地0建物1車位0,四層,11,住宅大樓(11層含以上有電梯),住家用,鋼筋混凝土造,0590131,160.87,4,2,2,有,有,有,37000,230,,0.0,0,,RPSOMLOJIINFFCA77CC
中山區,房地(土地+建物),臺北市中山區北安路571~600號,26.25,住,,,1071004,土地1建物1車位0,三層,4,公寓(5樓含以下無電梯),住家用,鋼筋混凝土造,0650904,69.83,2,2,1,有,無,無,17000,243,,0.0,0,,RPXOMLOJIINFFCA28CC
內湖區,房地(土地+建物)+車位,臺北市內湖區文湖街21巷118弄1~30號,33.53,住,,,1070905,土地1建物1車位1,三層,8,華廈(10層含以下有電梯),住家用,鋼筋混凝土造,1010423,130.18,3,2,2,有,有,有,35000,269,坡道機械,4.76,0,,RPQPMLOJIINFFCA67CC
中山區,建物,臺北市中山區天津街61~90號,0.0,商,,,1070909,土地0建物1車位0,地下層,9,華廈(10層含以下有電梯),見使用執照,鋼筋混凝土造,0661024,258.52,0,1,1,有,有,無,60000,232,,0.0,0,,RPOQMLOJIINFFCA57CC
中山區,建物,臺北市中山區松江路31~60號,0.0,商,,,1070928,土地0建物1車位0,七層,13,住宅大樓(11層含以上有電梯),商業用,鋼筋混凝土造,0860521,93.27000000000001,3,2,2,有,有,有,43000,461,,0.0,0,,RPRQMLOJIINFFCA87CC
中山區,建物,臺北市中山區新生北路三段1~30號,0.0,住,,,1071001,土地0建物1車位0,十層,12,住宅大樓(11層含以上有電梯),住家用,鋼筋混凝土造,0710420,75.1,2,1,1,有,有,無,22704,302,,0.0,0,承租二分之一,RPXQMLOJIINFFCA48CC
中山區,建物,臺北市中山區新生北路三段1~30號,0.0,住,,,1071001,土地0建物1車位0,十層,12,住宅大樓(11層含以上有電梯),住家用,鋼筋混凝土造,0710420,75.1,2,1,1,有,有,有,22704,302,,0.0,0,承租二分之一,RPORMLOJIINFFCA67CC
中山區,建物,臺北市中山區松江路211~240號,0.0,其他,,,1070919,土地0建物1車位0,七層,18,辦公商業大樓,見其他登記事項,鋼骨鋼筋混凝土造,1030703,927.84,0,0,0,無,有,無,743776,802,,0.0,0,,RPROMLPJIINFFCA77CC
中山區,建物,臺北市中山區南京東路三段1~30號,0.0,商,,,1070929,土地0建物1車位0,地下一層,10,華廈(10層含以下有電梯),見其他登記事項,鋼筋混凝土造,0610229,275.0,0,0,0,無,有,無,100000,364,,0.0,0,,RPTOMLPJIINFFCA97CC
中山區,建物,臺北市中山區林森北路391~420號,0.0,商,,,1070912,土地0建物1車位0,五層,13,住宅大樓(11層含以上有電梯),住家用,鋼筋混凝土造,0730927,66.03,2,1,1,有,有,有,20000,303,,0.0,0,,RPVOMLPJIINFFCA18CC
中山區,建物,臺北市中山區新生北路三段56巷1~30號,0.0,商,,,1071005,土地0建物1車位1,六層,9,華廈(10層含以下有電梯),住家用,鋼筋混凝土造,0981021,193.15,3,2,2,有,有,有,77000,399,坡道平面,42.99,0,,RPXOMLPJIINFFCA38CC
內湖區,房地(土地+建物)+車位,臺北市內湖區新湖一路151~180號,114.61,其他,,,1070918,土地1建物1車位3,七層,7,辦公商業大樓,見其他登記事項,鋼筋混凝土造,0980623,346.49,4,1,0,有,有,有,105450,378,坡道平面,91.44,9000,,RPRPMLPJIINFFCA87CC
松山區,建物,臺北市松山區南京東路五段151~180號,0.0,商,,,1070921,土地0建物1車位0,一層,16,店面(店鋪),商業用,鋼筋混凝土造,0760526,147.49,0,0,0,無,有,有,100000,678,,0.0,0,,RPRNMLPJIINFFDA77CC
南港區,建物,臺北市南港區園區街31~60號,0.0,住,,,1071005,土地0建物1車位1,十二層,12,住宅大樓(11層含以上有電梯),住家用,鋼筋混凝土造,1000414,97.38,2,2,1,有,有,無,36000,370,坡道平面,33.87,0,,RPTTMLPJIINFFDA58CC
松山區,房地(土地+建物),臺北市松山區民生東路四段75巷1~30號,44.67,住,,,1070909,土地2建物1車位0,三層,4,公寓(5樓含以下無電梯),,鋼筋混凝土造,,115.59,3,2,2,有,無,有,36000,311,,0.0,0,,RPXTMLPJIINFFDA98CC
中正區,建物,臺北市中正區銅山街1~30號,0.0,住,,,1071003,土地0建物1車位0,一層,5,公寓(5樓含以下無電梯),住家用,鋼筋混凝土造,0590121,94.9,3,2,1,有,無,無,45000,474,,0.0,0,,RPUNMLPJIINFFBA87CC
中正區,建物,臺北市大同區市民大道一段181~210號,0.0,其他,,,1071002,土地0建物1車位0,十三層,18,住宅大樓(11層含以上有電梯),住家用,見其他登記事項,0980724,46.31,0,0,1,有,有,有,24000,518,,0.0,0,,RPXOMLPJIINFFBA28CC
士林區,房地(土地+建物),臺北市士林區德行東路358巷8弄1~30號,51.85,住,,,1071002,土地1建物1車位0,四層,5,公寓(5樓含以下無電梯),住家用,鋼筋混凝土造,0770423,145.65,5,2,2,有,無,無,32000,220,,0.0,0,,RPTNMLPJIINFFEA08CC
士林區,建物,臺北市士林區忠誠路二段21巷1~30號,0.0,住,,,1070915,土地0建物1車位0,五層,9,華廈(10層含以下有電梯),住家用,鋼筋混凝土造,0980416,206.89,3,2,2,有,有,有,80000,387,,0.0,0,,RPQOMLPJIINFFEA87CC
士林區,建物,臺北市士林區芝玉路二段52巷1~30號,0.0,住,,,1071005,土地0建物1車位1,二層,10,華廈(10層含以下有電梯),住家用,鋼筋混凝土造,0870218,224.08,4,2,2,有,無,有,66000,295,坡道機械,44.93,0,,RPSOMLPJIINFFEA08CC
大安區,建物,臺北市大安區忠孝東路四段205巷31~60號,0.0,住,,,1070923,土地0建物1車位0,八層,9,華廈(10層含以下有電梯),見其他登記事項,見其他登記事項,0930616,30.21,1,1,1,有,有,有,26000,861,,0.0,0,,RPPNMLPJIINFFFA77CC
大安區,建物,臺北市大安區復興南路二段180巷1~30號,0.0,住,,,1070905,土地0建物1車位0,一層,5,華廈(10層含以下有電梯),住家用,鋼筋混凝土造,0840629,134.53,3,3,2,有,無,有,72000,535,,0.0,0,,RPRNMLPJIINFFFA97CC
大安區,建物,臺北市大安區信義路三段31巷1~30號,0.0,住,,,1070910,土地0建物1車位0,六層,9,華廈(10層含以下有電梯),住家用,鋼筋混凝土造,1000512,130.87,2,2,2,有,有,有,78000,596,,0.0,0,,RPTNMLPJIINFFFA18CC
大安區,建物,臺北市大安區仁愛路四段345巷4弄1~30號,0.0,住,,,1071001,土地0建物1車位0,一層,7,店面(店鋪),住家用,鋼筋混凝土造,,35.54,0,0,1,有,無,無,40000,1125,,0.0,0,標的物部分出租,RPUNMLPJIINFFFA28CC
中正區,建物,臺北市中正區汀州路一段211~240號,0.0,住,,,1070926,土地0建物1車位0,全,2,透天厝,,加強磚造,,59.87,0,0,0,無,無,無,27000,451,,0.0,0,,RPTNMLPJIINFFAA67CC
文山區,建物,臺北市文山區溪口街61~90號,0.0,住,,,1070928,土地0建物2車位0,見其他登記事項,2,公寓(5樓含以下無電梯),商業用,加強磚造,,214.46,4,2,2,有,無,無,36000,168,,0.0,0,,RPUNMLPJIINFFAA77CC
中正區,建物,臺北市中正區南昌路一段31~60號,92.8,商,,,1070911,土地0建物1車位0,三層,5,公寓(5樓含以下無電梯),住家用,鋼筋混凝土造,,46.4,1,1,1,有,無,有,20000,431,,0.0,0,,RPPNMLQJIINFFAA37CC
士林區,建物,臺北市士林區中山北路七段14巷1~30號,0.0,住,,,1070920,土地0建物1車位0,七層,7,華廈(10層含以下有電梯),住家用,鋼筋混凝土造,0660929,127.44999999999999,2,1,1,有,有,有,55000,432,,0.0,0,,RPSNMLQJIINFFEA08CC
士林區,建物,臺北市士林區天母西路13巷1~30號,0.0,商,,,1071001,土地0建物1車位0,四層,7,華廈(10層含以下有電梯),住家用,鋼筋混凝土造,0731113,151.98000000000002,3,1,2,有,有,有,78000,513,,0.0,0,,RPTNMLQJIINFFEA18CC
松山區,建物,臺北市松山區南京東路四段47及31~60號,0.0,商,,,1071005,土地0建物2車位0,一層,9,店面(店鋪),住家用,鋼筋混凝土造,0630729,266.62,0,0,0,無,無,無,282800,1061,,0.0,0,,RPPNMLQJIINFFDA67CC
中山區,建物,臺北市中山區新生北路二段68巷1~30號,0.0,商,,,1070921,土地0建物1車位0,五層,13,住宅大樓(11層含以上有電梯),住家用,鋼筋混凝土造,0971229,71.64,2,1,1,有,有,有,45000,628,,0.0,0,,RPSNMLQJIINFFCA87CC
中山區,建物,臺北市中山區中山北路一段105巷1~30號,0.0,商,,,1070928,土地0建物1車位0,四層,10,華廈(10層含以下有電梯),見其他登記事項,鋼筋混凝土造,1060110,115.58000000000001,2,1,1,有,有,有,80000,692,,0.0,0,,RPTNMLQJIINFFCA97CC
中山區,建物,臺北市中山區民權西路9巷1~30號,0.0,商,,,1070928,土地0建物1車位0,四層,14,住宅大樓(11層含以上有電梯),見其他登記事項,鋼筋混凝土造,1011112,64.72,1,1,1,有,有,有,41000,633,,0.0,0,,RPUNMLQJIINFFCA08CC
中山區,建物,臺北市中山區合江街188巷1~30號,0.0,住,,,1070913,土地0建物1車位0,一層,7,辦公商業大樓,住家用,鋼筋混凝土造,0671117,76.55000000000001,0,0,0,無,有,無,35000,457,,0.0,0,,RPOOMLSJIINFFCA77CC
內湖區,建物,臺北市內湖區金莊路61~90號,0.0,其他,,,1070910,土地0建物1車位1,十層,14,住宅大樓(11層含以上有電梯),商業用,鋼筋混凝土造,0990512,210.95,5,2,3,有,有,有,50000,237,坡道平面,0.0,0,,RPSOMLSJIINFFCA18CC
中山區,建物,臺北市中山區林森北路361~390號,0.0,商,,,1071005,土地0建物1車位0,十五層,18,住宅大樓(11層含以上有電梯),商業用,鋼筋混凝土造,0980916,66.62,1,1,1,有,有,有,50000,751,,0.0,0,,RPUOMLSJIINFFCA38CC
中山區,建物,臺北市中山區林森北路361~390號,0.0,商,,,1070925,土地0建物1車位0,十二層,18,住宅大樓(11層含以上有電梯),商業用,鋼筋混凝土造,0980916,66.62,1,1,1,有,有,有,50000,751,,0.0,0,,RPVOMLSJIINFFCA48CC
內湖區,建物,臺北市內湖區康寧路三段151~180號,0.0,商,,,1070921,土地0建物1車位0,一層,5,店面(店鋪),商業用,鋼筋混凝土造,0760525,119.81,0,0,0,無,無,無,110000,918,,0.0,0,有停車空間、租金調漲:第四年起租金調為115500元,RPXOMLSJIINFFCA68CC
中山區,建物,臺北市中山區錦州街151~180號,0.0,商,,,1070922,土地0建物1車位0,三層,4,公寓(5樓含以下無電梯),住家用,加強磚造,,83.58,2,2,1,有,無,有,24000,287,,0.0,0,,RPPPMLSJIINFFCA97CC
中山區,房地(土地+建物),臺北市中山區龍江路45巷1~30號,0.0,住,,,1071001,土地1建物1車位0,一層,4,店面(店鋪),住家用,鋼筋混凝土造,0640227,117.02,0,0,0,無,無,無,40000,342,,0.0,0,,RPQPMLSJIINFFCA08CC
中山區,建物,臺北市中山區中山北路一段53巷1~30號,0.0,住,,,1071005,土地0建物1車位0,十層,12,住宅大樓(11層含以上有電梯),住家用,鋼筋混凝土造,0970104,89.41,2,1,1,有,無,有,48000,537,,0.0,0,,RPRPMLSJIINFFCA18CC
中山區,建物,臺北市中山區新生北路二段68巷1~30號,0.0,商,,,1070917,土地0建物1車位0,三層,12,住宅大樓(11層含以上有電梯),住家用,見其他登記事項,1050602,75.74000000000001,2,2,1,有,有,有,60000,792,,0.0,0,,RPTPMLSJIINFFCA38CC
中山區,建物,臺北市中山區新生北路二段31~60號,0.0,住,,,1070920,土地0建物1車位0,十二層,19,住宅大樓(11層含以上有電梯),住家用,鋼骨鋼筋混凝土造,0980916,144.02,4,2,2,有,有,有,50000,347,,0.0,0,,RPVPMLSJIINFFCA58CC
中山區,建物,臺北市中山區中山北路二段121~150號,0.0,商,,,1070920,土地0建物1車位0,十三層,14,住宅大樓(11層含以上有電梯),商業用,鋼筋混凝土造,0970611,182.99,4,2,2,有,有,有,62000,339,,0.0,0,,RPXPMLSJIINFFCA78CC
中山區,建物,臺北市中山區樂群二路151~180號,0.0,住,,,1070925,土地0建物1車位1,三層,10,華廈(10層含以下有電梯),住家用,鋼筋混凝土造,0890628,155.72,3,2,2,有,有,有,30000,193,坡道平面,0.0,0,車位面積無法分算,RPTQMLSJIINFFCA48CC
內湖區,建物,臺北市內湖區新富街121~150號,0.0,住,,,1070925,土地0建物1車位1,十層,13,住宅大樓(11層含以上有電梯),住家用,鋼筋混凝土造,1020808,258.96,3,2,2,有,有,有,70000,270,坡道平面,42.07,0,租金含管理費,RPUQMLSJIINFFCA58CC
中山區,建物,臺北市中山區長安東路二段181~210號,0.0,商,,,1070926,土地0建物1車位0,十一層,12,住宅大樓(11層含以上有電梯),住家用,鋼筋混凝土造,0720204,113.25,3,3,2,有,有,有,29427,260,,0.0,0,,RPWQMLSJIINFFCA78CC
中山區,建物,臺北市中山區南京西路1~30號,0.0,商,,,1070809,土地0建物1車位0,五層,12,辦公商業大樓,商業用,鋼筋混凝土造,0680126,154.81,0,0,0,無,有,有,70000,452,,0.0,0,,RPXQMLSJIINFFCA88CC
中山區,建物,臺北市中山區中山北路一段121~150號,0.0,商,,,1070824,土地0建物1車位0,一層,4,店面(店鋪),住商用,加強磚造,0560401,85.48,1,1,1,有,無,有,85000,994,,0.0,0,,RPORMLSJIINFFCA08CC
中山區,建物,臺北市中山區南京東路二段31~60號,0.0,商,,,1070824,土地0建物3車位0,全,6,透天厝,,加強磚造,,778.4,18,2,10,有,無,無,450000,578,,0.0,0,,RPPRMLSJIINFFCA18CC
中山區,建物,臺北市中山區南京東路二段91~120號,0.0,商,,,1071007,土地0建物1車位0,十二層,12,住宅大樓(11層含以上有電梯),住家用,見其他登記事項,0990917,48.34,1,1,1,有,有,有,30000,621,,0.0,0,,RPURMLSJIINFFCA68CC
信義區,建物,臺北市信義區文昌街301~330號,0.0,商,,,1070925,土地0建物1車位0,三層,14,辦公商業大樓,見其他登記事項,鋼筋混凝土造,0910925,160.76,0,0,0,無,有,無,70000,435,,0.0,0,,RPSNMLSJIINFFDA18CC
松山區,建物,臺北市松山區八德路三段181~210號,0.0,住,,,1070927,土地0建物1車位0,五層,11,住宅大樓(11層含以上有電梯),見其他登記事項,鋼骨鋼筋混凝土造,0950418,68.6,2,1,2,有,有,有,46000,671,,0.0,0,,RPQOMLSJIINFFDA08CC
松山區,建物,臺北市松山區民生東路五段31~60號,150.0,住,,,1071001,土地0建物1車位0,一層,4,公寓(5樓含以下無電梯),住家用,鋼筋混凝土造,0610801,91.51,0,0,0,無,無,無,63571,695,,0.0,0,,RPROMLSJIINFFDA18CC
信義區,建物,臺北市信義區忠孝東路五段451~480號,0.0,住,,,1071006,土地0建物1車位0,十層,11,住宅大樓(11層含以上有電梯),見其他登記事項,鋼筋混凝土造,0941006,60.63,2,2,2,有,無,有,40000,660,,0.0,0,,RPSOMLSJIINFFDA28CC
信義區,建物,臺北市信義區松山路511~540號,19.06,住,,,1070901,土地0建物1車位0,一層,7,店面(店鋪),住商用,鋼筋混凝土造,,43.85,1,1,1,有,無,有,55000,1254,,0.0,0,租賃範圍1樓,RPTOMLSJIINFFDA38CC
松山區,建物,臺北市松山區復興南路一段1~30號,0.0,商,,,1070831,土地0建物1車位0,二層,4,公寓(5樓含以下無電梯),住家用,加強磚造,,74.6,0,0,0,無,無,無,30000,402,,0.0,0,免租裝潢期:107/09/01-107/09/30,RPUOMLSJIINFFDA48CC
信義區,房地(土地+建物),臺北市信義區基隆路一段121~150號,720.0,商,,,1070830,土地1建物1車位0,一層,2,店面(店鋪),商業用,鋼筋混凝土造,0710331,218.0,0,1,1,有,無,無,165000,757,,0.0,0,,RPVOMLSJIINFFDA58CC
北投區,建物,臺北市北投區石牌路二段315巷10弄1~30號,0.0,住,,,1070914,土地0建物1車位1,八層,10,華廈(10層含以下有電梯),住家用,鋼筋混凝土造,0960625,138.91,2,1,1,有,有,無,29000,209,坡道平面,56.69,0,,RPTNMLSJIINFFEA38CC
士林區,建物,臺北市士林區福國路91~120號,0.0,商,,,1070921,土地0建物2車位0,一層,8,店面(店鋪),住家用,鋼筋混凝土造,0660811,174.62,2,2,1,有,有,有,100000,573,,0.0,0,,RPVNMLSJIINFFEA58CC
北投區,建物,臺北市北投區中山路1~30號,0.0,其他,,,1071005,土地0建物1車位0,五層,25,住宅大樓(11層含以上有電梯),住家用,鋼筋混凝土造,0920127,70.82,0,0,0,無,有,有,29000,409,,0.0,0,此租賃金額含管理費,RPXOMLSJIINFFEA88CC
北投區,建物,臺北市北投區三合街一段82巷61弄1~30號,0.0,住,,,1070918,土地0建物1車位0,一層,8,華廈(10層含以下有電梯),見其他登記事項,鋼筋混凝土造,1060421,67.59,0,0,0,無,有,無,35000,518,,0.0,0,,RPSQMLSJIINFFEA58CC
北投區,建物,臺北市北投區中和街507巷3弄1~30號,0.0,住,,,1071006,土地0建物1車位0,三層,7,華廈(10層含以下有電梯),住家用,鋼筋混凝土造,1050224,58.699999999999996,1,1,1,有,有,有,19000,324,,0.0,0,,RPUQMLSJIINFFEA78CC
大同區,建物,臺北市大同區承德路三段241~270號,0.0,商,,,1070925,土地0建物1車位0,十二層,13,辦公商業大樓,商業用,鋼筋混凝土造,0830629,396.55,0,0,0,無,有,無,150000,378,,0.0,0,,RPRNMLSJIINFFBA87CC
大同區,建物,臺北市大同區南京西路25巷31~60號,0.0,商,,,1070927,土地0建物1車位0,六層,7,華廈(10層含以下有電梯),住家用,鋼筋混凝土造,0950728,78.12,2,2,1,有,有,有,30000,384,,0.0,0,,RPVNMLSJIINFFBA28CC
大同區,建物,臺北市大同區南京西路61~90號,0.0,商,,,1070919,土地0建物1車位0,十層,15,住宅大樓(11層含以上有電梯),住家用,鋼筋混凝土造,0970205,172.17000000000002,3,2,2,有,有,有,92000,534,,0.0,0,,RPQOMLSJIINFFBA87CC
大同區,建物,臺北市大同區市民大道一段181~210號,0.0,其他,,,1070927,土地0建物1車位0,十七層,18,住宅大樓(11層含以上有電梯),住家用,見其他登記事項,0980724,124.15,3,2,2,有,有,有,68000,548,,0.0,0,,RPXOMLSJIINFFBA58CC
文山區,建物,臺北市文山區保儀路13巷31~60號,0.0,商,,,1070922,土地0建物1車位0,一層,12,店面(店鋪),見其他登記事項,鋼筋混凝土造,0990520,61.150000000000006,0,1,1,有,有,無,19000,311,,0.0,0,,RPSOMLSJIINFFAA97CC
文山區,建物,臺北市文山區景美街5巷1~30號,0.0,商,,,1071001,土地0建物0車位0,一層,3,店面(店鋪),住家用,加強磚造,,42.24,0,0,0,無,無,無,65000,1539,,0.0,0,一樓只承租2/3,RPUOMLSJIINFFAA18CC
中正區,建物,臺北市中正區南昌路一段31~60號,92.8,商,,,1070922,土地0建物1車位0,二層,5,公寓(5樓含以下無電梯),住家用,鋼筋混凝土造,,46.4,1,2,1,有,無,有,22000,474,,0.0,0,,RPXOMLSJIINFFAA48CC
大安區,建物,臺北市大安區四維路44巷1~30號,0.0,住,,,1070928,土地0建物1車位0,一層,4,店面(店鋪),住家用,加強磚造,,152.44,1,2,2,有,無,無,76000,499,,0.0,0,租金含代扣繳租賃所得稅。民國107年11月1日至109年9月30日租金為76000元整，民國109年10月1日至111年9月30日租金為78000元整。民國107年10月1日至107年10月31日為免租裝潢期。,RPTOMLSJIINFFFA68DC
大安區,建物,臺北市大安區永康街23巷1~30號,0.0,住,,,1071004,土地0建物1車位0,六層,6,華廈(10層含以下有電梯),住家用,鋼筋混凝土造,0970904,84.88,3,2,1,有,無,有,53000,624,,0.0,0,,RPVNMLSJIINFFFA68CC
大安區,建物,臺北市大安區忠孝東路三段1~30號,0.0,商,,,1070922,土地0建物1車位0,四層,15,住宅大樓(11層含以上有電梯),見其他登記事項,鋼骨鋼筋混凝土造,0960515,165.1,2,2,2,有,有,有,84000,509,,0.0,0,,RPWNMLSJIINFFFA78CC
大安區,建物,臺北市大安區瑞安街208巷61弄1~30號,0.0,,,,1071005,土地0建物1車位0,十四層,15,住宅大樓(11層含以上有電梯),住家用,鋼筋混凝土造,0761231,176.07,4,2,2,有,有,有,57000,324,,0.0,0,,RPQOMLSJIINFFFA28CC
大安區,建物,臺北市大安區復興南路一段107巷5弄1~30號,0.0,商,,,1071001,土地0建物1車位0,五層,15,住宅大樓(11層含以上有電梯),住家用,鋼骨鋼筋混凝土造,1051014,241.28,4,2,2,有,有,有,80000,332,,0.0,0,,RPQNMLTJIINFFFA28CC
大安區,建物,臺北市大安區新生南路一段119巷1~30號,0.0,住,,,1070914,土地0建物1車位0,四層,6,華廈(10層含以下有電梯),住家用,鋼筋混凝土造,0710818,109.94,3,2,2,有,無,有,40000,364,,0.0,0,租金含管理費,RPTNMLTJIINFFFA58CC
南港區,房地(土地+建物),臺北市南港區興南街52巷1~30號,203.0,住,,,1071004,土地1建物1車位0,一層,4,公寓(5樓含以下無電梯),住家用,鋼筋混凝土造,,58.61,2,1,1,有,無,有,24000,409,,0.0,0,,RPROMLTJIINFFDA38DC
文山區,建物,臺北市文山區萬盛街61~90號,0.0,住,,,1070924,土地0建物1車位1,四層,8,華廈(10層含以下有電梯),見其他登記事項,鋼筋混凝土造,1050816,88.32,2,1,1,有,有,有,30000,340,坡道機械,13.29,0,,RPSNMLTJIINFFAA97CC
萬華區,建物,臺北市萬華區東園街66巷24弄1~30號,0.0,住,,,1070921,土地0建物1車位1,十一層,12,住宅大樓(11層含以上有電梯),住家用,鋼筋混凝土造,1060515,209.39999999999998,4,2,2,有,有,有,43000,205,坡道平面,41.42,0,,RPVNMLTJIINFFBA38CC
北投區,建物,臺北市北投區大度路三段270巷61~90號,0.0,其他,,,1070918,土地0建物1車位0,三層,19,辦公商業大樓,見其他登記事項,鋼筋混凝土造,1010217,96.33,0,0,0,無,有,有,35000,363,,0.0,0,,RPPNMLTJIINFFEA08CC
南港區,建物,臺北市南港區重陽路511~540號,0.0,其他,,,1070922,土地0建物1車位0,三層,5,公寓(5樓含以下無電梯),工業用,鋼筋混凝土造,,190.64,5,2,3,有,無,有,36000,189,,0.0,0,,RPUNMLTJIINFFDA48CC
松山區,建物,臺北市松山區復興南路一段1~30號,0.0,商,,,1070919,土地0建物1車位0,十三層,14,住宅大樓(11層含以上有電梯),住家用,鋼筋混凝土造,0680209,97.61999999999999,3,2,2,有,有,有,42000,430,,0.0,0,,RPQOMLTJIINFFDA18CC
內湖區,建物,臺北市內湖區民權東路六段121~150號,0.0,商,,,1070921,土地0建物1車位1,九層,14,套房(1房1廳1衛),住家用,鋼筋混凝土造,0980106,39.25,1,0,1,有,有,有,22000,561,坡道平面,0.0,0,,RPTNMLTJIINFFCA28CC
內湖區,建物,臺北市內湖區石潭路31~60號,0.0,其他,,,1070922,土地0建物1車位1,八層,14,住宅大樓(11層含以上有電梯),見其他登記事項,鋼筋混凝土造,1001124,194.83999999999997,5,2,3,有,有,有,53000,272,坡道機械,25.44,0,,RPUNMLTJIINFFCA38CC
中山區,建物,臺北市中山區林森北路361~390號,0.0,商,,,1071001,土地0建物1車位0,十七層,18,住宅大樓(11層含以上有電梯),商業用,鋼筋混凝土造,0980916,66.62,1,1,1,有,有,有,46000,690,,0.0,0,,RPPOMLTJIINFFCA97CC
中山區,建物,臺北市中山區林森北路631~660號,0.0,商,,,1071009,土地0建物1車位0,五層,10,華廈(10層含以下有電梯),住家用,鋼筋混凝土造,0930423,33.660000000000004,0,0,0,無,有,有,16000,475,,0.0,0,租金含管理費、有線電視、網路,RPSOMLTJIINFFCA28CC
中山區,房地(土地+建物)+車位,臺北市中山區松江路241~270號,0.0,商,,,1070928,土地1建物1車位1,三層,11,辦公商業大樓,商業用,鋼筋混凝土造,0721018,763.08,0,0,0,無,有,無,231000,303,一樓平面,0.0,7000,大樓後空地一樓平面車位，謄本未計坪數,RPRPMLTJIINFFCA28CC
松山區,房地(土地+建物),臺北市松山區南京東路五段31~60號,12.0,商,,,1070926,土地1建物1車位0,二層,13,住宅大樓(11層含以上有電梯),商業用,鋼筋混凝土造,0690207,130.01,0,1,1,有,有,無,33000,254,,0.0,0,,RPVNMLKKIINFFDA77CC
